<dialogue>
	<monolog id='1'>
		<text>Oh no! I forgot my bus pass AND wallet.</text>
	</monolog>
	<monolog id='2'>
		<text>I gotta stall and talk to the bus driver until I reach my destination...</text>
	</monolog>
	<monolog id='3'>
		<text>...and hope that he doesn't notice that I didn't pay.</text>
	</monolog>
	<question id='1'>
		<text>*Time to have an in _depth_ conversation.*</text>
		<answer id='1' points='1'>Hey there ( ͡° ͜ʖ ͡°)</answer>
		<answer id='2' points='2'>Hi, I'm Bob.</answer>
		<answer id='3' points='1'>I see you have arms and legs, I too have arms and legs.</answer>
		<reply id='1'>Hi..</reply>
		<reply id='2'>Hey</reply>
		<reply id='3'>...</reply>
	</question>
	<question id='2'>
		<text></text>
		<answer id='1' points='1'>Nice face.</answer>
		<answer id='2' points='4'>What are you listening to?</answer>
		<answer id='3' points='3'>What's your name?</answer>
		<reply id='1'>Excuse me?</reply>
		<reply id='4'>Iron Maiden.</reply>
		<reply id='3'>Doug.</reply>
	</question>
	<question id='3'>
		<text></text>
		<answer id='1' points='-5'>What is life?</answer>
		<answer id='2' points='-5'>I don't have a maid, I iron my own pants.</answer>
		<answer id='3' points='4'>Banana orange juice</answer>
		<reply id='1'>What?</reply>
		<reply id='2'>Okay..</reply>
		<reply id='3'>That might be the best drink ever.</reply>
	</question>
	<question id='4'>
		<text></text>
		<answer id='1' points='-1'>Soooo...giraffes. Too tall?</answer>
		<answer id='2' points='4'>Did you know pacman was originally called puckman?</answer>
		<answer id='3' points='4'>Nice hair. </answer>
		<reply id='1'>That's pretty judgemental of you.</reply>
		<reply id='2'>Totally did, dude.</reply>
		<reply id='3'>Thanks. The trick is to use conditioner.</reply>
	</question>
	<question id='5'>
		<text></text>
		<answer id='1' points='-1'>You look like a crossfit kind of person. Am I right?</answer>
		<answer id='2' points='4'>I'm Canadian.</answer>
		<answer id='3' points='4'>Oh, Mr. bus driver, you save my day every day.</answer>
		<reply id='1'>Oh my gosh, how dare you group me with those people!</reply>
		<reply id='2'>You look like a derp to me.</reply>
		<reply id='3'>Ha, that's my job!</reply>
	</question>
	<question id='6'>
		<text></text>
		<answer id='1' points='1'>So what's your favourite subreddit?</answer>
		<answer id='2' points='4'>You know, sometimes you gotta just stop for a moment and ask yourself if you're happy where you are right now.</answer>
		<answer id='3' points='1'>I'm making this game where I have to think of conversation starters. Got any good ones?</answer>
		<reply id='1'>One does not simply have one favourite subreddit.</reply>
		<reply id='2'>Totally, dude.  I'm glad I became a bus driver and didn't listen to my mom.</reply>
		<reply id='3'>That's a weak meta, dude.</reply>
	</question>
	<question id='7'>
		<text></text>
		<answer id='1' points='2'>Such day, much sunny.</answer>
		<answer id='2' points='-5'>Did you know that modern Russian ice breakers can break through up to 16 feet of ice?</answer>
		<answer id='3' points='-100'>Are those space pants?</answer>
		<reply id='1'>Wow.</reply>
		<reply id='2'>Are you trying to be interesting?</reply>
		<reply id='3'>No, but you can get out of this bus.</reply>
	</question>
</dialogue>